{"cameraMode":{"drawMode":0,"name":"Shaded","section":"Shading Mode"},"sceneLighting":true,"audioPlay":false,"sceneViewState":{"m_AlwaysRefresh":false,"showFog":true,"showSkybox":true,"showFlares":true,"showImageEffects":true,"showParticleSystems":true,"showVisualEffectGraphs":true,"m_FxEnabled":true},"in2DMode":false,"pivot":{"x":0.4301397502422333,"y":2.6548006534576418,"z":3.584230899810791},"rotation":{"x":0.0011806547408923507,"y":0.9927785992622376,"z":-0.12002278864383698,"w":0.010733245871961117},"size":40.13896942138672,"orthographic":true}