{"cameraMode":{"drawMode":0,"name":"Shaded","section":"Shading Mode"},"sceneLighting":true,"audioPlay":false,"sceneViewState":{"m_AlwaysRefresh":false,"showFog":true,"showSkybox":true,"showFlares":true,"showImageEffects":true,"showParticleSystems":true,"showVisualEffectGraphs":true,"m_FxEnabled":true},"in2DMode":false,"pivot":{"x":0.4301397502422333,"y":2.6548006534576418,"z":3.584230899810791},"rotation":{"x":0.00234335009008646,"y":0.9842848181724548,"z":-0.17637695372104646,"w":0.01359651517122984},"size":2.5184438228607179,"orthographic":true}